topic,affiliate_tag,tweets_json,scheduled_at,status
Notion AI 使い方,なし,"[""正直に言う：Notion AIを使いこなせてない人、めっちゃ多い。実は3つの機能だけで80%の作業が自動化される"", ""【機能1】Writing Assistant\n箇条書きを文章に変換。レポートやブログ執筆が秒速化。日本語対応も改善中"", ""【機能2】Auto-fill\nデータベースの空白を自動補完。営業リストやタスク管理の下準備が一瞬"", ""【機能3】Translate\n多言語翻訳で、グローバルチーム間の情報共有が圧倒的に楽に。精度も実用レベル"", ""使う際の注意点：APIキー設定が必須。有料プラン（Pro以上）限定。月$10で元が取れる効率化を体験できる"", ""詳しくは→https://example.com/notion-ai-guide""]",2026-06-19T12:16:40.692174,error
ChatGPT プラグイン 使い方,なし,"[""ChatGPTプラグイン、使わないのは損。外部ツール連携で、AIの可能性が10倍になる"", ""【プラグイン選定のコツ】\nCode Interpreter → データ分析・グラフ作成\nBrowsing → リアルタイム情報取得\nこの2つだけで8割のタスク対応可"", ""【実例1】Code Interpreter\nCSVデータを読み込んで自動分析。レポート作成が数分で完了。手作業ゼロ"", ""【実例2】Browsing機能\n最新ニュースや業界動向をリアルタイム検索。古い情報での判断がなくなる"", ""【導入の注意】ChatGPT Plus（月$20）が必須。プラグイン自体は無料。まずは定番3つから試すのが吉"", ""詳しくは→https://example.com/chatgpt-plugins-guide""]",2026-06-19T12:16:40.692174,error
Notion AI vs ChatGPT プラグイン 比較,なし,"[""逆説：「高機能＝最適」は罠。Notion AIとChatGPTプラグイン、選び方を間違えると時間が無駄になる"", ""【Notion AIが向いてる人】\n・データベース管理がメイン\n・チーム内で情報共有が多い\n・日本語の文章作成が中心"", ""【ChatGPTプラグインが向いてる人】\n・複雑な分析や計算が必要\n・リアルタイム情報が必須\n・外部ツール連携を多用"", ""【コスト比較】\nNotion AI：Pro月$10（AI機能込み）\nChatGPT：Plus月$20（プラグイン無料）\n用途で判断すべき"", ""【最強の使い分け】Notion AI + ChatGPTプラグインの併用。データ管理はNotion、分析はChatGPT。相乗効果あり"", ""詳しくは→https://example.com/notion-vs-chatgpt-comparison""]",2026-06-19T12:16:40.692174,error
Notion AI 使い方,Notion,"[""正直に言う：Notion AIを使ってる人の9割が機能を使いこなせていない"", ""✓ Database内のテキスト自動要約\n✓ 議事録から自動でアクションアイテム抽出\n✓ 複数ページの内容を横断検索"", ""実装例：営業日報を毎日投稿→Notion AIが自動で課題分析→週報が勝手に完成"", ""料金：Notion AI月$8〜で導入可能\n手動作業を削減すると月5時間以上の時短に"", ""注意点：日本語の精度はまだ英語より劣る\nテンプレート設計が重要"", ""詳しくは→notion.so/ai-guide""]",2026-06-19T12:31:40.178091,posted
ChatGPT プラグイン 使い方,OpenAI,"[""ChatGPTプラグイン、実は月5ドル追加で100種類以上使える話知ってた？"", ""✓ Webpilot：リアルタイム検索\n✓ Code Interpreter：データ分析\n✓ Zapier：外部サービス連携"", ""実装例：営業データ→ChatGPT→Slackに自動通知までワンコマンド"", ""プラグインの選び方：\n1.月の使用頻度\n2.他ツールとの連携性\n3.精度の安定性"", ""デメリット：プラグイン同時使用は3個まで\nレスポンス速度が低下する場合あり"", ""詳しくは→openai.com/plugins-guide""]",2026-06-19T12:31:40.178091,pending
ChatGPT API 連携 SaaS,OpenAI,"[""ChatGPT APIを自社SaaSに組み込んでる企業、実は競争優位性を失ってる理由"", ""✓ API料金が想定以上に高騰する罠\n✓ モデル更新で挙動が変わるリスク\n✓ レート制限で大量リクエスト時に停止"", ""成功事例：カスタマーサポートツール + ChatGPT API\n対応時間を40%削減した企業も"", ""実装時の注意：\n・トークン数の厳密な計算\n・フォールバック機能の用意\n・ユーザーへの透明性確保"", ""コスト削減：GPT-3.5-turboなら月数千円で運用可能\nただし精度とのバランス重要"", ""詳しくは→platform.openai.com/api-integration""]",2026-06-19T12:31:40.178091,pending
ChatGPT カスタムGPT 作成方法,OpenAI,"[""カスタムGPT、実は5分で作れるのに企業は知らない"", ""✓ プロンプト設定：専門知識を学習させる\n✓ ナレッジベース：PDFやテキスト追加\n✓ アクション設定：外部ツール連携"", ""実装例：社内マニュアル + カスタムGPT = 新人研修の時間が半減"", ""作成ステップ：\n1.目的を明確化\n2.プロンプト設計\n3.テスト→改善の繰り返し"", ""制限事項：ナレッジベースは最大120MB\nリアルタイム情報には非対応"", ""詳しくは→openai.com/custom-gpt-tutorial""]",2026-06-19T12:31:40.178091,pending
ChatGPT 業務効率化 活用例,なし,"[""ChatGPTで業務効率化、実は「ツールの使い方」より「プロンプト設計」が9割"", ""✓ 提案資料作成：30分→10分に短縮\n✓ メール返信：テンプレート自動生成\n✓ データ分析：複雑な集計を自然言語で実行"", ""実例：営業チームが週報作成に費やしていた5時間\nChatGPT活用で月20時間削減"", ""効果を出すコツ：\n・具体的な背景情報を与える\n・修正指示を細かく繰り返す\n・出力形式を指定する"", ""落とし穴：丸投げは失敗する\n人間の判断と組み合わせが必須"", ""詳しくは→chatgpt-business-guide.com""]",2026-06-19T12:31:40.178091,pending
ChatGPT Webクローラー 代替ツール,なし,"[""ChatGPT Webクローラー廃止で困ってる人、実は5つの代替ツールがある"", ""✓ Firecrawl：Web→構造化データに自動変換\n✓ Apify：ビジュアルで設定可能\n✓ Beautiful Soup：Pythonで細かく制御"", ""使い分け：\n・簡単さ重視→Firecrawl\n・カスタマイズ重視→Beautiful Soup\n・GUI重視→Apify"", ""実装難易度：\nFirecrawl（簡単）→ Apify（中程度）→ Beautiful Soup（難)"", ""料金比較：Firecrawl月$99〜 vs Beautiful Soup無料\n規模で選択基準が変わる"", ""詳しくは→web-scraping-tools-comparison.com""]",2026-06-19T12:31:40.178091,pending
ChatGPT 画像生成 DALL-E 連携,OpenAI,"[""DALL-E 3、実は1プロンプトで複数バリエーション生成できるの知ってた？"", ""✓ ChatGPTで文章記述→DALL-Eが自動生成\n✓ プロンプト最適化が自動\n✓ 修正指示で高速改善"", ""実装例：ブログ記事作成\nテキスト生成＋画像生成で制作時間40%削減"", ""ChatGPT＋DALL-Eの流れ：\n1.ChatGPTが記事作成\n2.画像が必要な箇所を自動判定\n3.DALL-Eで最適な画像生成"", ""注意：商用利用は別途ライセンス確認必須\n著作権は利用者に帰属"", ""詳しくは→openai.com/dall-e-integration""]",2026-06-19T12:31:40.178091,pending
Notion AI vs ChatGPT 比較,Notion,"[""正直に言う：Notion AIとChatGPT、使い分けを間違えてる人が多い"", ""✓ Notion AI：Database内での作業に最適\n✓ ChatGPT：汎用性が圧倒的に高い\n✓ 組み合わせで最強になる"", ""実装例：Notion AIで要約→ChatGPTで深掘り分析\n2段階処理で精度が劇的に向上"", ""選択基準：\n・既存データ活用→Notion AI\n・新規作成・創作→ChatGPT\n・複雑な分析→両方"", ""コスト：Notion AI月$8 vs ChatGPT Plus月$20\n用途で組み合わせると最適"", ""詳しくは→ai-tools-comparison-guide.com""]",2026-06-19T12:31:40.178091,pending
ChatGPT Code Interpreter 活用例,OpenAI,"[""Code Interpreter、実はデータ分析ツール不要にする機能だった"", ""✓ Excel→自動分析＆グラフ化\n✓ 複雑な計算も自然言語で実行\n✓ 画像処理も可能"", ""実例：営業データ分析\n従来：Excelで2時間→Code Interpreter：5分で完了"", ""使用方法：\n1.ファイルをアップロード\n2.分析内容を日本語で指示\n3.コード実行＆結果取得"", ""制限：ファイルサイズ100MB以下\nセッション終了で一時データ削除"", ""詳しくは→chatgpt-code-interpreter-guide.com""]",2026-06-19T12:31:40.178091,pending
AIツール導入の失敗パターン,なし,"[""AIツール導入、実は9割が失敗する理由は『ツール選びじゃなく運用設計』"", ""✓ 失敗パターン①：導入後の学習機会がない\n✓ 失敗パターン②：プロンプト設計が雑\n✓ 失敗パターン③：効果測定をしない"", ""成功事例：導入前に使用ケース3つを決定→チーム全体で週1回改善会議"", ""導入前チェックリスト：\n□ 具体的な課題が明確か\n□ チーム内で使い方を統一するか\n□ 効果を測定する仕組みはあるか"", ""重要：AIツールは『銀の弾』ではない\n人間のプロセス改善が先"", ""詳しくは→ai-tool-implementation-guide.com""]",2026-06-19T12:31:40.178091,pending
